client_code,product,push_notification
1,–ö–∞—Ä—Ç–∞ –¥–ª—è –ø—É—Ç–µ—à–µ—Å—Ç–≤–∏–π,"–ê–π–≥–µ—Ä–∏–º, –≤–∂—É—Ö-–≤–∂—É—Ö –ø–æ –≥–æ—Ä–æ–¥—É –∏–ª–∏ –≤ –ø–æ–µ–∑–¥–∫–∏? ‚úàÔ∏è –í–µ—Ä–Ω–∏ —á–∞—Å—Ç—å –¥–µ–Ω–µ–≥ —Å —Ç—Ä–µ–≤–µ–ª-–∫–∞—Ä—Ç–æ–π!"
2,–ö—Ä–µ–¥–∏—Ç–Ω–∞—è –∫–∞—Ä—Ç–∞,"–î–∞–Ω–∏—è—Ä, –≤–∞—à–∏ —Ç–æ–ø-–∫–∞—Ç–µ–≥–æ—Ä–∏–∏ ‚Äî –ü—Ä–æ–¥—É–∫—Ç—ã –ø–∏—Ç–∞–Ω–∏—è, –ö–∞—Ñ–µ –∏ —Ä–µ—Å—Ç–æ—Ä–∞–Ω—ã, –¢–∞–∫—Å–∏. –ö—Ä–µ–¥–∏—Ç–Ω–∞—è –∫–∞—Ä—Ç–∞ –¥–∞—ë—Ç –¥–æ 10% –≤ –ª—é–±–∏–º—ã—Ö –∫–∞—Ç–µ–≥–æ—Ä–∏—è—Ö –∏ –Ω–∞ –æ–Ω–ª–∞–π–Ω-—Å–µ—Ä–≤–∏—Å—ã. –û—Ñ–æ—Ä–º–∏—Ç—å –∫–∞—Ä—Ç—É."
3,–ö—Ä–µ–¥–∏—Ç –Ω–∞–ª–∏—á–Ω—ã–º–∏,"–°–∞–±–∏–Ω–∞, –±–∞–±–∫–∏ –Ω—É–∂–Ω—ã —Å—Ä–æ—á–Ω–æ? –ö—Ä–µ–¥–∏—Ç –Ω–∞–ª–∏—á–Ω—ã–º–∏ –±–µ–∑ –∑–∞–ª–æ–≥–∞ –∏ —Å–ø—Ä–∞–≤–æ–∫. –ñ–º–∏! üëâ"
4,–ü—Ä–µ–º–∏–∞–ª—å–Ω–∞—è –∫–∞—Ä—Ç–∞,"–¢–∏–º—É—Ä, —É –≤–∞—Å —Å—Ç–∞–±–∏–ª—å–Ω–æ –∫—Ä—É–ø–Ω—ã–π –æ—Å—Ç–∞—Ç–æ–∫ –∏ —Ç—Ä–∞—Ç—ã –≤ —Ä–µ—Å—Ç–æ—Ä–∞–Ω–∞—Ö. –ü—Ä–µ–º–∏–∞–ª—å–Ω–∞—è –∫–∞—Ä—Ç–∞ –¥–∞—Å—Ç –ø–æ–≤—ã—à–µ–Ω–Ω—ã–π –∫–µ—à–±—ç–∫ –∏ –±–µ—Å–ø–ª–∞—Ç–Ω—ã–µ —Å–Ω—è—Ç–∏—è. –û—Ñ–æ—Ä–º–∏—Ç—å —Å–µ–π—á–∞—Å."
5,–ö—Ä–µ–¥–∏—Ç–Ω–∞—è –∫–∞—Ä—Ç–∞,"–ö–∞–º–∏–ª–ª–∞, –≤–∞—à–∏ —Ç–æ–ø-–∫–∞—Ç–µ–≥–æ—Ä–∏–∏ ‚Äî –ü—Ä–æ–¥—É–∫—Ç—ã –ø–∏—Ç–∞–Ω–∏—è, –ö–∞—Ñ–µ –∏ —Ä–µ—Å—Ç–æ—Ä–∞–Ω—ã, –¢–∞–∫—Å–∏. –ö—Ä–µ–¥–∏—Ç–Ω–∞—è –∫–∞—Ä—Ç–∞ –¥–∞—ë—Ç –¥–æ 10% –≤ –ª—é–±–∏–º—ã—Ö –∫–∞—Ç–µ–≥–æ—Ä–∏—è—Ö –∏ –Ω–∞ –æ–Ω–ª–∞–π–Ω-—Å–µ—Ä–≤–∏—Å—ã. –û—Ñ–æ—Ä–º–∏—Ç—å –∫–∞—Ä—Ç—É."
6,–ü—Ä–µ–º–∏–∞–ª—å–Ω–∞—è –∫–∞—Ä—Ç–∞,"–ê—è–Ω, —É –≤–∞—Å —Å—Ç–∞–±–∏–ª—å–Ω–æ –∫—Ä—É–ø–Ω—ã–π –æ—Å—Ç–∞—Ç–æ–∫ –∏ —Ç—Ä–∞—Ç—ã –≤ —Ä–µ—Å—Ç–æ—Ä–∞–Ω–∞—Ö. –ü—Ä–µ–º–∏–∞–ª—å–Ω–∞—è –∫–∞—Ä—Ç–∞ –¥–∞—Å—Ç –ø–æ–≤—ã—à–µ–Ω–Ω—ã–π –∫–µ—à–±—ç–∫ –∏ –±–µ—Å–ø–ª–∞—Ç–Ω—ã–µ —Å–Ω—è—Ç–∏—è. –û—Ñ–æ—Ä–º–∏—Ç—å —Å–µ–π—á–∞—Å."
7,–ö—Ä–µ–¥–∏—Ç–Ω–∞—è –∫–∞—Ä—Ç–∞,"–†—É—Å–ª–∞–Ω, –≤–∞—à–∏ —Ç–æ–ø-–∫–∞—Ç–µ–≥–æ—Ä–∏–∏ ‚Äî –ü—Ä–æ–¥—É–∫—Ç—ã –ø–∏—Ç–∞–Ω–∏—è, –ö–∞—Ñ–µ –∏ —Ä–µ—Å—Ç–æ—Ä–∞–Ω—ã, –ö–æ—Å–º–µ—Ç–∏–∫–∞ –∏ –ü–∞—Ä—Ñ—é–º–µ—Ä–∏—è. –ö—Ä–µ–¥–∏—Ç–Ω–∞—è –∫–∞—Ä—Ç–∞ –¥–∞—ë—Ç –¥–æ 10% –≤ –ª—é–±–∏–º—ã—Ö –∫–∞—Ç–µ–≥–æ—Ä–∏—è—Ö –∏ –Ω–∞ –æ–Ω–ª–∞–π–Ω-—Å–µ—Ä–≤–∏—Å—ã. –û—Ñ–æ—Ä–º–∏—Ç—å –∫–∞—Ä—Ç—É."
8,–ö–∞—Ä—Ç–∞ –¥–ª—è –ø—É—Ç–µ—à–µ—Å—Ç–≤–∏–π,"–ú–∞–¥–∏–Ω–∞, –≤ —ç—Ç–æ–º –º–µ—Å—è—Ü–µ —É –≤–∞—Å –º–Ω–æ–≥–æ –ø–æ–µ–∑–¥–æ–∫/—Ç–∞–∫—Å–∏. –° —Ç—Ä–µ–≤–µ–ª-–∫–∞—Ä—Ç–æ–π —á–∞—Å—Ç—å —Ä–∞—Å—Ö–æ–¥–æ–≤ –≤–µ—Ä–Ω—É–ª–∞—Å—å –±—ã –∫–µ—à–±—ç–∫–æ–º. –•–æ—Ç–∏—Ç–µ –æ—Ñ–æ—Ä–º–∏—Ç—å?"
9,–ö–∞—Ä—Ç–∞ –¥–ª—è –ø—É—Ç–µ—à–µ—Å—Ç–≤–∏–π,"–ê—Ä–º–∞–Ω, –≤ —ç—Ç–æ–º –º–µ—Å—è—Ü–µ —É –≤–∞—Å –º–Ω–æ–≥–æ –ø–æ–µ–∑–¥–æ–∫/—Ç–∞–∫—Å–∏. –° —Ç—Ä–µ–≤–µ–ª-–∫–∞—Ä—Ç–æ–π —á–∞—Å—Ç—å —Ä–∞—Å—Ö–æ–¥–æ–≤ –≤–µ—Ä–Ω—É–ª–∞—Å—å –±—ã –∫–µ—à–±—ç–∫–æ–º. –•–æ—Ç–∏—Ç–µ –æ—Ñ–æ—Ä–º–∏—Ç—å?"
10,–ü—Ä–µ–º–∏–∞–ª—å–Ω–∞—è –∫–∞—Ä—Ç–∞,"–ö–∞—Ä–∏–Ω–∞, —É –≤–∞—Å —Å—Ç–∞–±–∏–ª—å–Ω–æ –∫—Ä—É–ø–Ω—ã–π –æ—Å—Ç–∞—Ç–æ–∫ –∏ —Ç—Ä–∞—Ç—ã –≤ —Ä–µ—Å—Ç–æ—Ä–∞–Ω–∞—Ö. –ü—Ä–µ–º–∏–∞–ª—å–Ω–∞—è –∫–∞—Ä—Ç–∞ –¥–∞—Å—Ç –ø–æ–≤—ã—à–µ–Ω–Ω—ã–π –∫–µ—à–±—ç–∫ –∏ –±–µ—Å–ø–ª–∞—Ç–Ω—ã–µ —Å–Ω—è—Ç–∏—è. –û—Ñ–æ—Ä–º–∏—Ç—å —Å–µ–π—á–∞—Å."
11,–ö—Ä–µ–¥–∏—Ç–Ω–∞—è –∫–∞—Ä—Ç–∞,"–ë–∞—É—Ä–∂–∞–Ω, –≤–∞—à–∏ —Ç–æ–ø-–∫–∞—Ç–µ–≥–æ—Ä–∏–∏ ‚Äî –ü—Ä–æ–¥—É–∫—Ç—ã –ø–∏—Ç–∞–Ω–∏—è, –ö–æ—Å–º–µ—Ç–∏–∫–∞ –∏ –ü–∞—Ä—Ñ—é–º–µ—Ä–∏—è, –ö–∞—Ñ–µ –∏ —Ä–µ—Å—Ç–æ—Ä–∞–Ω—ã. –ö—Ä–µ–¥–∏—Ç–Ω–∞—è –∫–∞—Ä—Ç–∞ –¥–∞—ë—Ç –¥–æ 10% –≤ –ª—é–±–∏–º—ã—Ö –∫–∞—Ç–µ–≥–æ—Ä–∏—è—Ö –∏ –Ω–∞ –æ–Ω–ª–∞–π–Ω-—Å–µ—Ä–≤–∏—Å—ã. –û—Ñ–æ—Ä–º–∏—Ç—å –∫–∞—Ä—Ç—É."
12,–ö–∞—Ä—Ç–∞ –¥–ª—è –ø—É—Ç–µ—à–µ—Å—Ç–≤–∏–π,"–ñ–∞–Ω–∞—Ä, –≤ —ç—Ç–æ–º –º–µ—Å—è—Ü–µ —É –≤–∞—Å –º–Ω–æ–≥–æ –ø–æ–µ–∑–¥–æ–∫/—Ç–∞–∫—Å–∏. –° —Ç—Ä–µ–≤–µ–ª-–∫–∞—Ä—Ç–æ–π —á–∞—Å—Ç—å —Ä–∞—Å—Ö–æ–¥–æ–≤ –≤–µ—Ä–Ω—É–ª–∞—Å—å –±—ã –∫–µ—à–±—ç–∫–æ–º. –•–æ—Ç–∏—Ç–µ –æ—Ñ–æ—Ä–º–∏—Ç—å?"
13,–ö—Ä–µ–¥–∏—Ç–Ω–∞—è –∫–∞—Ä—Ç–∞,"–ê–ª–∏–Ω–∞, —Ç–≤–æ–∏ —Ç–æ–ø-–∫–∞—Ç–µ–≥–æ—Ä–∏–∏ ‚Äî –ü—Ä–æ–¥—É–∫—Ç—ã –ø–∏—Ç–∞–Ω–∏—è, –ö–∞—Ñ–µ –∏ —Ä–µ—Å—Ç–æ—Ä–∞–Ω—ã, –ï–¥–∏–º –¥–æ–º–∞. üî• –ö—Ä–µ–¥–∏—Ç–∫–∞ –¥–∞—Å—Ç –¥–æ 10% –∫–µ—à–±—ç–∫–∞ –∏ –Ω–∞ –æ–Ω–ª–∞–π–Ω-—Å–µ—Ä–≤–∏—Å—ã!"
14,–ö—Ä–µ–¥–∏—Ç–Ω–∞—è –∫–∞—Ä—Ç–∞,"–î–∏–∞—Å, —Ç–≤–æ–∏ —Ç–æ–ø-–∫–∞—Ç–µ–≥–æ—Ä–∏–∏ ‚Äî –ü—Ä–æ–¥—É–∫—Ç—ã –ø–∏—Ç–∞–Ω–∏—è, –ö–∞—Ñ–µ –∏ —Ä–µ—Å—Ç–æ—Ä–∞–Ω—ã, –ï–¥–∏–º –¥–æ–º–∞. üî• –ö—Ä–µ–¥–∏—Ç–∫–∞ –¥–∞—Å—Ç –¥–æ 10% –∫–µ—à–±—ç–∫–∞ –∏ –Ω–∞ –æ–Ω–ª–∞–π–Ω-—Å–µ—Ä–≤–∏—Å—ã!"
15,–ü—Ä–µ–º–∏–∞–ª—å–Ω–∞—è –∫–∞—Ä—Ç–∞,"–ù—É—Ä–∏—è, —É –≤–∞—Å —Å—Ç–∞–±–∏–ª—å–Ω–æ –∫—Ä—É–ø–Ω—ã–π –æ—Å—Ç–∞—Ç–æ–∫ –∏ —Ç—Ä–∞—Ç—ã –≤ —Ä–µ—Å—Ç–æ—Ä–∞–Ω–∞—Ö. –ü—Ä–µ–º–∏–∞–ª—å–Ω–∞—è –∫–∞—Ä—Ç–∞ –¥–∞—Å—Ç –ø–æ–≤—ã—à–µ–Ω–Ω—ã–π –∫–µ—à–±—ç–∫ –∏ –±–µ—Å–ø–ª–∞—Ç–Ω—ã–µ —Å–Ω—è—Ç–∏—è. –û—Ñ–æ—Ä–º–∏—Ç—å —Å–µ–π—á–∞—Å."
16,–ö–∞—Ä—Ç–∞ –¥–ª—è –ø—É—Ç–µ—à–µ—Å—Ç–≤–∏–π,"–ï—Ä–∞—Å—ã–ª, –º–Ω–æ–≥–æ –ø–æ–µ–∑–¥–æ–∫/—Ç–∞–∫—Å–∏ –≤ —ç—Ç–æ–º –º–µ—Å—è—Ü–µ? üöó –° —Ç—Ä–µ–≤–µ–ª-–∫–∞—Ä—Ç–æ–π —á–∞—Å—Ç—å —Ä–∞—Å—Ö–æ–¥–æ–≤ –≤–µ—Ä–Ω—É–ª–∞—Å—å –±—ã –∫–µ—à–±—ç–∫–æ–º. –•–æ—á–µ—à—å –æ—Ñ–æ—Ä–º–∏—Ç—å?"
17,–ö—Ä–µ–¥–∏—Ç–Ω–∞—è –∫–∞—Ä—Ç–∞,"–ñ–∞–Ω–µ–ª—å, —Ç–≤–æ–∏ —Ç–æ–ø-–∫–∞—Ç–µ–≥–æ—Ä–∏–∏ ‚Äî –ü—Ä–æ–¥—É–∫—Ç—ã –ø–∏—Ç–∞–Ω–∏—è, –ö–∞—Ñ–µ –∏ —Ä–µ—Å—Ç–æ—Ä–∞–Ω—ã, –ï–¥–∏–º –¥–æ–º–∞. üî• –ö—Ä–µ–¥–∏—Ç–∫–∞ –¥–∞—Å—Ç –¥–æ 10% –∫–µ—à–±—ç–∫–∞ –∏ –Ω–∞ –æ–Ω–ª–∞–π–Ω-—Å–µ—Ä–≤–∏—Å—ã!"
18,–ü—Ä–µ–º–∏–∞–ª—å–Ω–∞—è –∫–∞—Ä—Ç–∞,"–°–∞–Ω–∂–∞—Ä, —É –≤–∞—Å —Å—Ç–∞–±–∏–ª—å–Ω–æ –∫—Ä—É–ø–Ω—ã–π –æ—Å—Ç–∞—Ç–æ–∫ –∏ —Ç—Ä–∞—Ç—ã –≤ —Ä–µ—Å—Ç–æ—Ä–∞–Ω–∞—Ö. –ü—Ä–µ–º–∏–∞–ª—å–Ω–∞—è –∫–∞—Ä—Ç–∞ –¥–∞—Å—Ç –ø–æ–≤—ã—à–µ–Ω–Ω—ã–π –∫–µ—à–±—ç–∫ –∏ –±–µ—Å–ø–ª–∞—Ç–Ω—ã–µ —Å–Ω—è—Ç–∏—è. –û—Ñ–æ—Ä–º–∏—Ç—å —Å–µ–π—á–∞—Å."
19,–ö—Ä–µ–¥–∏—Ç–Ω–∞—è –∫–∞—Ä—Ç–∞,"–ê–∑–∞–º–∞—Ç, –≤–∞—à–∏ —Ç–æ–ø-–∫–∞—Ç–µ–≥–æ—Ä–∏–∏ ‚Äî –ü—Ä–æ–¥—É–∫—Ç—ã –ø–∏—Ç–∞–Ω–∏—è, –ö–∞—Ñ–µ –∏ —Ä–µ—Å—Ç–æ—Ä–∞–Ω—ã, –¢–∞–∫—Å–∏. –ö—Ä–µ–¥–∏—Ç–Ω–∞—è –∫–∞—Ä—Ç–∞ –¥–∞—ë—Ç –¥–æ 10% –≤ –ª—é–±–∏–º—ã—Ö –∫–∞—Ç–µ–≥–æ—Ä–∏—è—Ö –∏ –Ω–∞ –æ–Ω–ª–∞–π–Ω-—Å–µ—Ä–≤–∏—Å—ã. –û—Ñ–æ—Ä–º–∏—Ç—å –∫–∞—Ä—Ç—É."
20,–ö–∞—Ä—Ç–∞ –¥–ª—è –ø—É—Ç–µ—à–µ—Å—Ç–≤–∏–π,"–ê–Ω–µ–ª—å, –≤–∂—É—Ö-–≤–∂—É—Ö –ø–æ –≥–æ—Ä–æ–¥—É –∏–ª–∏ –≤ –ø–æ–µ–∑–¥–∫–∏? ‚úàÔ∏è –í–µ—Ä–Ω–∏ —á–∞—Å—Ç—å –¥–µ–Ω–µ–≥ —Å —Ç—Ä–µ–≤–µ–ª-–∫–∞—Ä—Ç–æ–π!"
21,–ö—Ä–µ–¥–∏—Ç–Ω–∞—è –∫–∞—Ä—Ç–∞,"–ü–∞–≤–µ–ª, –≤–∞—à–∏ —Ç–æ–ø-–∫–∞—Ç–µ–≥–æ—Ä–∏–∏ ‚Äî –ü—Ä–æ–¥—É–∫—Ç—ã –ø–∏—Ç–∞–Ω–∏—è, –ö–∞—Ñ–µ –∏ —Ä–µ—Å—Ç–æ—Ä–∞–Ω—ã, –¢–∞–∫—Å–∏. –ö—Ä–µ–¥–∏—Ç–Ω–∞—è –∫–∞—Ä—Ç–∞ –¥–∞—ë—Ç –¥–æ 10% –≤ –ª—é–±–∏–º—ã—Ö –∫–∞—Ç–µ–≥–æ—Ä–∏—è—Ö –∏ –Ω–∞ –æ–Ω–ª–∞–π–Ω-—Å–µ—Ä–≤–∏—Å—ã. –û—Ñ–æ—Ä–º–∏—Ç—å –∫–∞—Ä—Ç—É."
22,–û–±–º–µ–Ω –≤–∞–ª—é—Ç,"–ê—Ä—É–∂–∞–Ω, –Ω—É–∂–µ–Ω –±–∞–∫—Å –∏–ª–∏ –µ–≤—Ä–æ? –í –ø—Ä–∏–ª–æ–∂–µ–Ω–∏–∏ –≤—ã–≥–æ–¥–Ω–æ –∏ –±–µ–∑ –∑–∞–º–æ—Ä–æ—á–µ–∫. üëá"
23,–ö—Ä–µ–¥–∏—Ç–Ω–∞—è –∫–∞—Ä—Ç–∞,"–¢–µ–º–∏—Ä–ª–∞–Ω, –≤–∞—à–∏ —Ç–æ–ø-–∫–∞—Ç–µ–≥–æ—Ä–∏–∏ ‚Äî –ü—Ä–æ–¥—É–∫—Ç—ã –ø–∏—Ç–∞–Ω–∏—è, –ö–∞—Ñ–µ –∏ —Ä–µ—Å—Ç–æ—Ä–∞–Ω—ã, –¢–∞–∫—Å–∏. –ö—Ä–µ–¥–∏—Ç–Ω–∞—è –∫–∞—Ä—Ç–∞ –¥–∞—ë—Ç –¥–æ 10% –≤ –ª—é–±–∏–º—ã—Ö –∫–∞—Ç–µ–≥–æ—Ä–∏—è—Ö –∏ –Ω–∞ –æ–Ω–ª–∞–π–Ω-—Å–µ—Ä–≤–∏—Å—ã. –û—Ñ–æ—Ä–º–∏—Ç—å –∫–∞—Ä—Ç—É."
24,–ö–∞—Ä—Ç–∞ –¥–ª—è –ø—É—Ç–µ—à–µ—Å—Ç–≤–∏–π,"–ì—É–ª—å–º–∏—Ä–∞, –≤ —ç—Ç–æ–º –º–µ—Å—è—Ü–µ —É –≤–∞—Å –º–Ω–æ–≥–æ –ø–æ–µ–∑–¥–æ–∫/—Ç–∞–∫—Å–∏. –° —Ç—Ä–µ–≤–µ–ª-–∫–∞—Ä—Ç–æ–π —á–∞—Å—Ç—å —Ä–∞—Å—Ö–æ–¥–æ–≤ –≤–µ—Ä–Ω—É–ª–∞—Å—å –±—ã –∫–µ—à–±—ç–∫–æ–º. –•–æ—Ç–∏—Ç–µ –æ—Ñ–æ—Ä–º–∏—Ç—å?"
25,–ö—Ä–µ–¥–∏—Ç–Ω–∞—è –∫–∞—Ä—Ç–∞,"–ê–¥–∏–ª—å, –≤–∞—à–∏ —Ç–æ–ø-–∫–∞—Ç–µ–≥–æ—Ä–∏–∏ ‚Äî –ü—Ä–æ–¥—É–∫—Ç—ã –ø–∏—Ç–∞–Ω–∏—è, –ö–∞—Ñ–µ –∏ —Ä–µ—Å—Ç–æ—Ä–∞–Ω—ã, –¢–∞–∫—Å–∏. –ö—Ä–µ–¥–∏—Ç–Ω–∞—è –∫–∞—Ä—Ç–∞ –¥–∞—ë—Ç –¥–æ 10% –≤ –ª—é–±–∏–º—ã—Ö –∫–∞—Ç–µ–≥–æ—Ä–∏—è—Ö –∏ –Ω–∞ –æ–Ω–ª–∞–π–Ω-—Å–µ—Ä–≤–∏—Å—ã. –û—Ñ–æ—Ä–º–∏—Ç—å –∫–∞—Ä—Ç—É."
26,–ö–∞—Ä—Ç–∞ –¥–ª—è –ø—É—Ç–µ—à–µ—Å—Ç–≤–∏–π,"–ú–∞—Ä–∂–∞–Ω, –≤ —ç—Ç–æ–º –º–µ—Å—è—Ü–µ —É –≤–∞—Å –º–Ω–æ–≥–æ –ø–æ–µ–∑–¥–æ–∫/—Ç–∞–∫—Å–∏. –° —Ç—Ä–µ–≤–µ–ª-–∫–∞—Ä—Ç–æ–π —á–∞—Å—Ç—å —Ä–∞—Å—Ö–æ–¥–æ–≤ –≤–µ—Ä–Ω—É–ª–∞—Å—å –±—ã –∫–µ—à–±—ç–∫–æ–º. –•–æ—Ç–∏—Ç–µ –æ—Ñ–æ—Ä–º–∏—Ç—å?"
27,–ö—Ä–µ–¥–∏—Ç –Ω–∞–ª–∏—á–Ω—ã–º–∏,"–ù—É—Ä—Å—É–ª—Ç–∞–Ω, –Ω—É–∂–Ω–∞ –¥–æ–ø —Å—É–º–º–∞? üí∏ –û—Ñ–æ—Ä–º–∏ –∫—Ä–µ–¥–∏—Ç –Ω–∞–ª–∏—á–Ω—ã–º–∏ –±—ã—Å—Ç—Ä–æ –∏ –±–µ–∑ –≥–µ–º–æ—Ä—Ä–∞!"
28,–ö—Ä–µ–¥–∏—Ç–Ω–∞—è –∫–∞—Ä—Ç–∞,"–ê–ª—Ç—ã–Ω–∞–π, –≤–∞—à–∏ —Ç–æ–ø-–∫–∞—Ç–µ–≥–æ—Ä–∏–∏ ‚Äî –ü—Ä–æ–¥—É–∫—Ç—ã –ø–∏—Ç–∞–Ω–∏—è, –ö–∞—Ñ–µ –∏ —Ä–µ—Å—Ç–æ—Ä–∞–Ω—ã, –¢–∞–∫—Å–∏. –ö—Ä–µ–¥–∏—Ç–Ω–∞—è –∫–∞—Ä—Ç–∞ –¥–∞—ë—Ç –¥–æ 10% –≤ –ª—é–±–∏–º—ã—Ö –∫–∞—Ç–µ–≥–æ—Ä–∏—è—Ö –∏ –Ω–∞ –æ–Ω–ª–∞–π–Ω-—Å–µ—Ä–≤–∏—Å—ã. –û—Ñ–æ—Ä–º–∏—Ç—å –∫–∞—Ä—Ç—É."
29,–ö–∞—Ä—Ç–∞ –¥–ª—è –ø—É—Ç–µ—à–µ—Å—Ç–≤–∏–π,"–°–∞—è, –≤–∂—É—Ö-–≤–∂—É—Ö –ø–æ –≥–æ—Ä–æ–¥—É –∏–ª–∏ –≤ –ø–æ–µ–∑–¥–∫–∏? ‚úàÔ∏è –í–µ—Ä–Ω–∏ —á–∞—Å—Ç—å –¥–µ–Ω–µ–≥ —Å —Ç—Ä–µ–≤–µ–ª-–∫–∞—Ä—Ç–æ–π!"
30,–ü—Ä–µ–º–∏–∞–ª—å–Ω–∞—è –∫–∞—Ä—Ç–∞,"–ï—Ä–±–æ–ª, —É –≤–∞—Å —Å—Ç–∞–±–∏–ª—å–Ω–æ –∫—Ä—É–ø–Ω—ã–π –æ—Å—Ç–∞—Ç–æ–∫ –∏ —Ç—Ä–∞—Ç—ã –≤ —Ä–µ—Å—Ç–æ—Ä–∞–Ω–∞—Ö. –ü—Ä–µ–º–∏–∞–ª—å–Ω–∞—è –∫–∞—Ä—Ç–∞ –¥–∞—Å—Ç –ø–æ–≤—ã—à–µ–Ω–Ω—ã–π –∫–µ—à–±—ç–∫ –∏ –±–µ—Å–ø–ª–∞—Ç–Ω—ã–µ —Å–Ω—è—Ç–∏—è. –û—Ñ–æ—Ä–º–∏—Ç—å —Å–µ–π—á–∞—Å."
31,–ö—Ä–µ–¥–∏—Ç–Ω–∞—è –∫–∞—Ä—Ç–∞,"–î–∞–º–∏—Ä, –≤–∞—à–∏ —Ç–æ–ø-–∫–∞—Ç–µ–≥–æ—Ä–∏–∏ ‚Äî –ü—Ä–æ–¥—É–∫—Ç—ã –ø–∏—Ç–∞–Ω–∏—è, –ö–∞—Ñ–µ –∏ —Ä–µ—Å—Ç–æ—Ä–∞–Ω—ã, –¢–∞–∫—Å–∏. –ö—Ä–µ–¥–∏—Ç–Ω–∞—è –∫–∞—Ä—Ç–∞ –¥–∞—ë—Ç –¥–æ 10% –≤ –ª—é–±–∏–º—ã—Ö –∫–∞—Ç–µ–≥–æ—Ä–∏—è—Ö –∏ –Ω–∞ –æ–Ω–ª–∞–π–Ω-—Å–µ—Ä–≤–∏—Å—ã. –û—Ñ–æ—Ä–º–∏—Ç—å –∫–∞—Ä—Ç—É."
32,–ü—Ä–µ–º–∏–∞–ª—å–Ω–∞—è –∫–∞—Ä—Ç–∞,"–ê–ª–∏—è, —É –≤–∞—Å —Å—Ç–∞–±–∏–ª—å–Ω–æ –∫—Ä—É–ø–Ω—ã–π –æ—Å—Ç–∞—Ç–æ–∫ –∏ —Ç—Ä–∞—Ç—ã –≤ —Ä–µ—Å—Ç–æ—Ä–∞–Ω–∞—Ö. –ü—Ä–µ–º–∏–∞–ª—å–Ω–∞—è –∫–∞—Ä—Ç–∞ –¥–∞—Å—Ç –ø–æ–≤—ã—à–µ–Ω–Ω—ã–π –∫–µ—à–±—ç–∫ –∏ –±–µ—Å–ø–ª–∞—Ç–Ω—ã–µ —Å–Ω—è—Ç–∏—è. –û—Ñ–æ—Ä–º–∏—Ç—å —Å–µ–π—á–∞—Å."
33,–ö–∞—Ä—Ç–∞ –¥–ª—è –ø—É—Ç–µ—à–µ—Å—Ç–≤–∏–π,"–ú–µ—Ä–µ–π, –≤ —ç—Ç–æ–º –º–µ—Å—è—Ü–µ —É –≤–∞—Å –º–Ω–æ–≥–æ –ø–æ–µ–∑–¥–æ–∫/—Ç–∞–∫—Å–∏. –° —Ç—Ä–µ–≤–µ–ª-–∫–∞—Ä—Ç–æ–π —á–∞—Å—Ç—å —Ä–∞—Å—Ö–æ–¥–æ–≤ –≤–µ—Ä–Ω—É–ª–∞—Å—å –±—ã –∫–µ—à–±—ç–∫–æ–º. –•–æ—Ç–∏—Ç–µ –æ—Ñ–æ—Ä–º–∏—Ç—å?"
34,–ö—Ä–µ–¥–∏—Ç –Ω–∞–ª–∏—á–Ω—ã–º–∏,"–ò–Ω–∫–∞—Ä, –Ω—É–∂–Ω–∞ –¥–æ–ø–æ–ª–Ω–∏—Ç–µ–ª—å–Ω–∞—è —Å—É–º–º–∞? –û—Ñ–æ—Ä–º–∏—Ç–µ –∫—Ä–µ–¥–∏—Ç –Ω–∞–ª–∏—á–Ω—ã–º–∏ –±—ã—Å—Ç—Ä–æ –∏ –ø—Ä–æ—Å—Ç–æ –±–µ–∑ –∑–∞–ª–æ–≥–∞ –∏ —Å–ø—Ä–∞–≤–æ–∫. –û—Ñ–æ—Ä–º–∏—Ç—å –∫—Ä–µ–¥–∏—Ç."
35,–ü—Ä–µ–º–∏–∞–ª—å–Ω–∞—è –∫–∞—Ä—Ç–∞,"–°–∞–º–∞—Ç, —É –≤–∞—Å —Å—Ç–∞–±–∏–ª—å–Ω–æ –∫—Ä—É–ø–Ω—ã–π –æ—Å—Ç–∞—Ç–æ–∫ –∏ —Ç—Ä–∞—Ç—ã –≤ —Ä–µ—Å—Ç–æ—Ä–∞–Ω–∞—Ö. –ü—Ä–µ–º–∏–∞–ª—å–Ω–∞—è –∫–∞—Ä—Ç–∞ –¥–∞—Å—Ç –ø–æ–≤—ã—à–µ–Ω–Ω—ã–π –∫–µ—à–±—ç–∫ –∏ –±–µ—Å–ø–ª–∞—Ç–Ω—ã–µ —Å–Ω—è—Ç–∏—è. –û—Ñ–æ—Ä–º–∏—Ç—å —Å–µ–π—á–∞—Å."
36,–ö—Ä–µ–¥–∏—Ç–Ω–∞—è –∫–∞—Ä—Ç–∞,"–ù–∞–∑—ã–º, —Ç–≤–æ–∏ —Ç–æ–ø-–∫–∞—Ç–µ–≥–æ—Ä–∏–∏ ‚Äî –ü—Ä–æ–¥—É–∫—Ç—ã –ø–∏—Ç–∞–Ω–∏—è, –ö–∞—Ñ–µ –∏ —Ä–µ—Å—Ç–æ—Ä–∞–Ω—ã, –¢–∞–∫—Å–∏. üî• –ö—Ä–µ–¥–∏—Ç–∫–∞ –¥–∞—Å—Ç –¥–æ 10% –∫–µ—à–±—ç–∫–∞ –∏ –Ω–∞ –æ–Ω–ª–∞–π–Ω-—Å–µ—Ä–≤–∏—Å—ã!"
37,–ö–∞—Ä—Ç–∞ –¥–ª—è –ø—É—Ç–µ—à–µ—Å—Ç–≤–∏–π,"–ì—É–ª—å–Ω–∞—Ä, –≤ —ç—Ç–æ–º –º–µ—Å—è—Ü–µ —É –≤–∞—Å –º–Ω–æ–≥–æ –ø–æ–µ–∑–¥–æ–∫/—Ç–∞–∫—Å–∏. –° —Ç—Ä–µ–≤–µ–ª-–∫–∞—Ä—Ç–æ–π —á–∞—Å—Ç—å —Ä–∞—Å—Ö–æ–¥–æ–≤ –≤–µ—Ä–Ω—É–ª–∞—Å—å –±—ã –∫–µ—à–±—ç–∫–æ–º. –•–æ—Ç–∏—Ç–µ –æ—Ñ–æ—Ä–º–∏—Ç—å?"
38,–ü—Ä–µ–º–∏–∞–ª—å–Ω–∞—è –∫–∞—Ä—Ç–∞,"–°–µ—Ä–∏–∫, —É –≤–∞—Å —Å—Ç–∞–±–∏–ª—å–Ω–æ –∫—Ä—É–ø–Ω—ã–π –æ—Å—Ç–∞—Ç–æ–∫ –∏ —Ç—Ä–∞—Ç—ã –≤ —Ä–µ—Å—Ç–æ—Ä–∞–Ω–∞—Ö. –ü—Ä–µ–º–∏–∞–ª—å–Ω–∞—è –∫–∞—Ä—Ç–∞ –¥–∞—Å—Ç –ø–æ–≤—ã—à–µ–Ω–Ω—ã–π –∫–µ—à–±—ç–∫ –∏ –±–µ—Å–ø–ª–∞—Ç–Ω—ã–µ —Å–Ω—è—Ç–∏—è. –û—Ñ–æ—Ä–º–∏—Ç—å —Å–µ–π—á–∞—Å."
39,–ö–∞—Ä—Ç–∞ –¥–ª—è –ø—É—Ç–µ—à–µ—Å—Ç–≤–∏–π,"–õ—è–∑–∑–∞—Ç, –≤ —ç—Ç–æ–º –º–µ—Å—è—Ü–µ —É –≤–∞—Å –º–Ω–æ–≥–æ –ø–æ–µ–∑–¥–æ–∫/—Ç–∞–∫—Å–∏. –° —Ç—Ä–µ–≤–µ–ª-–∫–∞—Ä—Ç–æ–π —á–∞—Å—Ç—å —Ä–∞—Å—Ö–æ–¥–æ–≤ –≤–µ—Ä–Ω—É–ª–∞—Å—å –±—ã –∫–µ—à–±—ç–∫–æ–º. –•–æ—Ç–∏—Ç–µ –æ—Ñ–æ—Ä–º–∏—Ç—å?"
40,–ö—Ä–µ–¥–∏—Ç–Ω–∞—è –∫–∞—Ä—Ç–∞,"–ê—Å—Ö–∞—Ç, –≤–∞—à–∏ —Ç–æ–ø-–∫–∞—Ç–µ–≥–æ—Ä–∏–∏ ‚Äî –ü—Ä–æ–¥—É–∫—Ç—ã –ø–∏—Ç–∞–Ω–∏—è, –ö–∞—Ñ–µ –∏ —Ä–µ—Å—Ç–æ—Ä–∞–Ω—ã, –¢–∞–∫—Å–∏. –ö—Ä–µ–¥–∏—Ç–Ω–∞—è –∫–∞—Ä—Ç–∞ –¥–∞—ë—Ç –¥–æ 10% –≤ –ª—é–±–∏–º—ã—Ö –∫–∞—Ç–µ–≥–æ—Ä–∏—è—Ö –∏ –Ω–∞ –æ–Ω–ª–∞–π–Ω-—Å–µ—Ä–≤–∏—Å—ã. –û—Ñ–æ—Ä–º–∏—Ç—å –∫–∞—Ä—Ç—É."
41,–ü—Ä–µ–º–∏–∞–ª—å–Ω–∞—è –∫–∞—Ä—Ç–∞,"–°–∞–Ω–¥—É–≥–∞—à, —É –≤–∞—Å —Å—Ç–∞–±–∏–ª—å–Ω–æ –∫—Ä—É–ø–Ω—ã–π –æ—Å—Ç–∞—Ç–æ–∫ –∏ —Ç—Ä–∞—Ç—ã –≤ —Ä–µ—Å—Ç–æ—Ä–∞–Ω–∞—Ö. –ü—Ä–µ–º–∏–∞–ª—å–Ω–∞—è –∫–∞—Ä—Ç–∞ –¥–∞—Å—Ç –ø–æ–≤—ã—à–µ–Ω–Ω—ã–π –∫–µ—à–±—ç–∫ –∏ –±–µ—Å–ø–ª–∞—Ç–Ω—ã–µ —Å–Ω—è—Ç–∏—è. –û—Ñ–æ—Ä–º–∏—Ç—å —Å–µ–π—á–∞—Å."
42,–ö—Ä–µ–¥–∏—Ç–Ω–∞—è –∫–∞—Ä—Ç–∞,"–†—É—Å—Ç–µ–º, –≤–∞—à–∏ —Ç–æ–ø-–∫–∞—Ç–µ–≥–æ—Ä–∏–∏ ‚Äî –ö–∞—Ñ–µ –∏ —Ä–µ—Å—Ç–æ—Ä–∞–Ω—ã, –ü—Ä–æ–¥—É–∫—Ç—ã –ø–∏—Ç–∞–Ω–∏—è, –¢–∞–∫—Å–∏. –ö—Ä–µ–¥–∏—Ç–Ω–∞—è –∫–∞—Ä—Ç–∞ –¥–∞—ë—Ç –¥–æ 10% –≤ –ª—é–±–∏–º—ã—Ö –∫–∞—Ç–µ–≥–æ—Ä–∏—è—Ö –∏ –Ω–∞ –æ–Ω–ª–∞–π–Ω-—Å–µ—Ä–≤–∏—Å—ã. –û—Ñ–æ—Ä–º–∏—Ç—å –∫–∞—Ä—Ç—É."
43,–ö—Ä–µ–¥–∏—Ç–Ω–∞—è –∫–∞—Ä—Ç–∞,"–ù—É—Ä—Ç–∞—Å, —Ç–≤–æ–∏ —Ç–æ–ø-–∫–∞—Ç–µ–≥–æ—Ä–∏–∏ ‚Äî –ü—Ä–æ–¥—É–∫—Ç—ã –ø–∏—Ç–∞–Ω–∏—è, –ö–∞—Ñ–µ –∏ —Ä–µ—Å—Ç–æ—Ä–∞–Ω—ã, –¢–∞–∫—Å–∏. üî• –ö—Ä–µ–¥–∏—Ç–∫–∞ –¥–∞—Å—Ç –¥–æ 10% –∫–µ—à–±—ç–∫–∞ –∏ –Ω–∞ –æ–Ω–ª–∞–π–Ω-—Å–µ—Ä–≤–∏—Å—ã!"
44,–ö—Ä–µ–¥–∏—Ç–Ω–∞—è –∫–∞—Ä—Ç–∞,"–ê–π–Ω–∞–≥—É–ª—å, –≤–∞—à–∏ —Ç–æ–ø-–∫–∞—Ç–µ–≥–æ—Ä–∏–∏ ‚Äî –ü—Ä–æ–¥—É–∫—Ç—ã –ø–∏—Ç–∞–Ω–∏—è, –ö–∞—Ñ–µ –∏ —Ä–µ—Å—Ç–æ—Ä–∞–Ω—ã, –¢–∞–∫—Å–∏. –ö—Ä–µ–¥–∏—Ç–Ω–∞—è –∫–∞—Ä—Ç–∞ –¥–∞—ë—Ç –¥–æ 10% –≤ –ª—é–±–∏–º—ã—Ö –∫–∞—Ç–µ–≥–æ—Ä–∏—è—Ö –∏ –Ω–∞ –æ–Ω–ª–∞–π–Ω-—Å–µ—Ä–≤–∏—Å—ã. –û—Ñ–æ—Ä–º–∏—Ç—å –∫–∞—Ä—Ç—É."
45,–ö—Ä–µ–¥–∏—Ç–Ω–∞—è –∫–∞—Ä—Ç–∞,"–î–∏–∞–Ω–∞, –∑–∞–ª–∏–ø–∞–µ—à—å –≤ –†–µ–º–æ–Ω—Ç –¥–æ–º–∞ –∏–ª–∏ –Æ–≤–µ–ª–∏—Ä–Ω—ã–µ —É–∫—Ä–∞—à–µ–Ω–∏—è? –ö—Ä–µ–¥–∏—Ç–∫–∞ –≤–µ—Ä–Ω–µ—Ç —á–∞—Å—Ç—å –¥–µ–Ω–µ–≥ + —Ä–∞—Å—Å—Ä–æ—á–∫–∞ –µ—Å—Ç—å! üòé"
46,–ü—Ä–µ–º–∏–∞–ª—å–Ω–∞—è –∫–∞—Ä—Ç–∞,"–ê—Ä—Å–µ–Ω, —É –≤–∞—Å —Å—Ç–∞–±–∏–ª—å–Ω–æ –∫—Ä—É–ø–Ω—ã–π –æ—Å—Ç–∞—Ç–æ–∫ –∏ —Ç—Ä–∞—Ç—ã –≤ —Ä–µ—Å—Ç–æ—Ä–∞–Ω–∞—Ö. –ü—Ä–µ–º–∏–∞–ª—å–Ω–∞—è –∫–∞—Ä—Ç–∞ –¥–∞—Å—Ç –ø–æ–≤—ã—à–µ–Ω–Ω—ã–π –∫–µ—à–±—ç–∫ –∏ –±–µ—Å–ø–ª–∞—Ç–Ω—ã–µ —Å–Ω—è—Ç–∏—è. –û—Ñ–æ—Ä–º–∏—Ç—å —Å–µ–π—á–∞—Å."
47,–ü—Ä–µ–º–∏–∞–ª—å–Ω–∞—è –∫–∞—Ä—Ç–∞,"–ö–∞–º—à–∞—Ç, –±–∞–ª–∞–Ω—Å –≤ –ø–ª—é—Å–µ –∏ —Ü–µ–Ω–∏—à—å –∫–æ–º—Ñ–æ—Ä—Ç? –ü—Ä–µ–º–∏—É–º-–∫–∞—Ä—Ç–∞ –¥–ª—è —Ç–µ–±—è. üòâ"
48,–ö—Ä–µ–¥–∏—Ç –Ω–∞–ª–∏—á–Ω—ã–º–∏,"–ï—Ä–∂–∞–Ω, –Ω—É–∂–Ω–∞ –¥–æ–ø–æ–ª–Ω–∏—Ç–µ–ª—å–Ω–∞—è —Å—É–º–º–∞? –û—Ñ–æ—Ä–º–∏—Ç–µ –∫—Ä–µ–¥–∏—Ç –Ω–∞–ª–∏—á–Ω—ã–º–∏ –±—ã—Å—Ç—Ä–æ –∏ –ø—Ä–æ—Å—Ç–æ –±–µ–∑ –∑–∞–ª–æ–≥–∞ –∏ —Å–ø—Ä–∞–≤–æ–∫. –û—Ñ–æ—Ä–º–∏—Ç—å –∫—Ä–µ–¥–∏—Ç."
49,–ö—Ä–µ–¥–∏—Ç–Ω–∞—è –∫–∞—Ä—Ç–∞,"–ê–º–∏–Ω–∞, —Ç–≤–æ–∏ —Ç–æ–ø-–∫–∞—Ç–µ–≥–æ—Ä–∏–∏ ‚Äî –ü—Ä–æ–¥—É–∫—Ç—ã –ø–∏—Ç–∞–Ω–∏—è, –ö–∞—Ñ–µ –∏ —Ä–µ—Å—Ç–æ—Ä–∞–Ω—ã, –¢–∞–∫—Å–∏. üî• –ö—Ä–µ–¥–∏—Ç–∫–∞ –¥–∞—Å—Ç –¥–æ 10% –∫–µ—à–±—ç–∫–∞ –∏ –Ω–∞ –æ–Ω–ª–∞–π–Ω-—Å–µ—Ä–≤–∏—Å—ã!"
50,–ö—Ä–µ–¥–∏—Ç–Ω–∞—è –∫–∞—Ä—Ç–∞,"–¢–∏–º—É—Ä–ª–∞–Ω, –≤–∞—à–∏ —Ç–æ–ø-–∫–∞—Ç–µ–≥–æ—Ä–∏–∏ ‚Äî –ö–∞—Ñ–µ –∏ —Ä–µ—Å—Ç–æ—Ä–∞–Ω—ã, –ü—Ä–æ–¥—É–∫—Ç—ã –ø–∏—Ç–∞–Ω–∏—è, –¢–∞–∫—Å–∏. –ö—Ä–µ–¥–∏—Ç–Ω–∞—è –∫–∞—Ä—Ç–∞ –¥–∞—ë—Ç –¥–æ 10% –≤ –ª—é–±–∏–º—ã—Ö –∫–∞—Ç–µ–≥–æ—Ä–∏—è—Ö –∏ –Ω–∞ –æ–Ω–ª–∞–π–Ω-—Å–µ—Ä–≤–∏—Å—ã. –û—Ñ–æ—Ä–º–∏—Ç—å –∫–∞—Ä—Ç—É."
51,–ö–∞—Ä—Ç–∞ –¥–ª—è –ø—É—Ç–µ—à–µ—Å—Ç–≤–∏–π,"–ñ–∞–Ω–∞—Ç, –≤ —ç—Ç–æ–º –º–µ—Å—è—Ü–µ —É –≤–∞—Å –º–Ω–æ–≥–æ –ø–æ–µ–∑–¥–æ–∫/—Ç–∞–∫—Å–∏. –° —Ç—Ä–µ–≤–µ–ª-–∫–∞—Ä—Ç–æ–π —á–∞—Å—Ç—å —Ä–∞—Å—Ö–æ–¥–æ–≤ –≤–µ—Ä–Ω—É–ª–∞—Å—å –±—ã –∫–µ—à–±—ç–∫–æ–º. –•–æ—Ç–∏—Ç–µ –æ—Ñ–æ—Ä–º–∏—Ç—å?"
52,–ü—Ä–µ–º–∏–∞–ª—å–Ω–∞—è –∫–∞—Ä—Ç–∞,"–ú–∏–ª–∞–Ω–∞, —É –≤–∞—Å —Å—Ç–∞–±–∏–ª—å–Ω–æ –∫—Ä—É–ø–Ω—ã–π –æ—Å—Ç–∞—Ç–æ–∫ –∏ —Ç—Ä–∞—Ç—ã –≤ —Ä–µ—Å—Ç–æ—Ä–∞–Ω–∞—Ö. –ü—Ä–µ–º–∏–∞–ª—å–Ω–∞—è –∫–∞—Ä—Ç–∞ –¥–∞—Å—Ç –ø–æ–≤—ã—à–µ–Ω–Ω—ã–π –∫–µ—à–±—ç–∫ –∏ –±–µ—Å–ø–ª–∞—Ç–Ω—ã–µ —Å–Ω—è—Ç–∏—è. –û—Ñ–æ—Ä–º–∏—Ç—å —Å–µ–π—á–∞—Å."
53,–ö–∞—Ä—Ç–∞ –¥–ª—è –ø—É—Ç–µ—à–µ—Å—Ç–≤–∏–π,"–†–∞—Å—É–ª, –º–Ω–æ–≥–æ –ø–æ–µ–∑–¥–æ–∫/—Ç–∞–∫—Å–∏ –≤ —ç—Ç–æ–º –º–µ—Å—è—Ü–µ? üöó –° —Ç—Ä–µ–≤–µ–ª-–∫–∞—Ä—Ç–æ–π —á–∞—Å—Ç—å —Ä–∞—Å—Ö–æ–¥–æ–≤ –≤–µ—Ä–Ω—É–ª–∞—Å—å –±—ã –∫–µ—à–±—ç–∫–æ–º. –•–æ—á–µ—à—å –æ—Ñ–æ—Ä–º–∏—Ç—å?"
54,–ü—Ä–µ–º–∏–∞–ª—å–Ω–∞—è –∫–∞—Ä—Ç–∞,"–í–∏–∫—Ç–æ—Ä–∏—è, —É –≤–∞—Å —Å—Ç–∞–±–∏–ª—å–Ω–æ –∫—Ä—É–ø–Ω—ã–π –æ—Å—Ç–∞—Ç–æ–∫ –∏ —Ç—Ä–∞—Ç—ã –≤ —Ä–µ—Å—Ç–æ—Ä–∞–Ω–∞—Ö. –ü—Ä–µ–º–∏–∞–ª—å–Ω–∞—è –∫–∞—Ä—Ç–∞ –¥–∞—Å—Ç –ø–æ–≤—ã—à–µ–Ω–Ω—ã–π –∫–µ—à–±—ç–∫ –∏ –±–µ—Å–ø–ª–∞—Ç–Ω—ã–µ —Å–Ω—è—Ç–∏—è. –û—Ñ–æ—Ä–º–∏—Ç—å —Å–µ–π—á–∞—Å."
55,–ö—Ä–µ–¥–∏—Ç–Ω–∞—è –∫–∞—Ä—Ç–∞,"–ê—Å–µ–ª—å, –≤–∞—à–∏ —Ç–æ–ø-–∫–∞—Ç–µ–≥–æ—Ä–∏–∏ ‚Äî –ü—Ä–æ–¥—É–∫—Ç—ã –ø–∏—Ç–∞–Ω–∏—è, –ö–∞—Ñ–µ –∏ —Ä–µ—Å—Ç–æ—Ä–∞–Ω—ã, –¢–∞–∫—Å–∏. –ö—Ä–µ–¥–∏—Ç–Ω–∞—è –∫–∞—Ä—Ç–∞ –¥–∞—ë—Ç –¥–æ 10% –≤ –ª—é–±–∏–º—ã—Ö –∫–∞—Ç–µ–≥–æ—Ä–∏—è—Ö –∏ –Ω–∞ –æ–Ω–ª–∞–π–Ω-—Å–µ—Ä–≤–∏—Å—ã. –û—Ñ–æ—Ä–º–∏—Ç—å –∫–∞—Ä—Ç—É."
56,–ü—Ä–µ–º–∏–∞–ª—å–Ω–∞—è –∫–∞—Ä—Ç–∞,"–ù—É—Ä–∫–µ–Ω, —É –≤–∞—Å —Å—Ç–∞–±–∏–ª—å–Ω–æ –∫—Ä—É–ø–Ω—ã–π –æ—Å—Ç–∞—Ç–æ–∫ –∏ —Ç—Ä–∞—Ç—ã –≤ —Ä–µ—Å—Ç–æ—Ä–∞–Ω–∞—Ö. –ü—Ä–µ–º–∏–∞–ª—å–Ω–∞—è –∫–∞—Ä—Ç–∞ –¥–∞—Å—Ç –ø–æ–≤—ã—à–µ–Ω–Ω—ã–π –∫–µ—à–±—ç–∫ –∏ –±–µ—Å–ø–ª–∞—Ç–Ω—ã–µ —Å–Ω—è—Ç–∏—è. –û—Ñ–æ—Ä–º–∏—Ç—å —Å–µ–π—á–∞—Å."
57,–ü—Ä–µ–º–∏–∞–ª—å–Ω–∞—è –∫–∞—Ä—Ç–∞,"–ñ–∞–Ω–∏—è, —É –≤–∞—Å —Å—Ç–∞–±–∏–ª—å–Ω–æ –∫—Ä—É–ø–Ω—ã–π –æ—Å—Ç–∞—Ç–æ–∫ –∏ —Ç—Ä–∞—Ç—ã –≤ —Ä–µ—Å—Ç–æ—Ä–∞–Ω–∞—Ö. –ü—Ä–µ–º–∏–∞–ª—å–Ω–∞—è –∫–∞—Ä—Ç–∞ –¥–∞—Å—Ç –ø–æ–≤—ã—à–µ–Ω–Ω—ã–π –∫–µ—à–±—ç–∫ –∏ –±–µ—Å–ø–ª–∞—Ç–Ω—ã–µ —Å–Ω—è—Ç–∏—è. –û—Ñ–æ—Ä–º–∏—Ç—å —Å–µ–π—á–∞—Å."
58,–ü—Ä–µ–º–∏–∞–ª—å–Ω–∞—è –∫–∞—Ä—Ç–∞,"–°—É–ª—Ç–∞–Ω, —É –≤–∞—Å —Å—Ç–∞–±–∏–ª—å–Ω–æ –∫—Ä—É–ø–Ω—ã–π –æ—Å—Ç–∞—Ç–æ–∫ –∏ —Ç—Ä–∞—Ç—ã –≤ —Ä–µ—Å—Ç–æ—Ä–∞–Ω–∞—Ö. –ü—Ä–µ–º–∏–∞–ª—å–Ω–∞—è –∫–∞—Ä—Ç–∞ –¥–∞—Å—Ç –ø–æ–≤—ã—à–µ–Ω–Ω—ã–π –∫–µ—à–±—ç–∫ –∏ –±–µ—Å–ø–ª–∞—Ç–Ω—ã–µ —Å–Ω—è—Ç–∏—è. –û—Ñ–æ—Ä–º–∏—Ç—å —Å–µ–π—á–∞—Å."
59,–ü—Ä–µ–º–∏–∞–ª—å–Ω–∞—è –∫–∞—Ä—Ç–∞,"–î–∏–Ω–∞—Ä–∞, —É –≤–∞—Å —Å—Ç–∞–±–∏–ª—å–Ω–æ –∫—Ä—É–ø–Ω—ã–π –æ—Å—Ç–∞—Ç–æ–∫ –∏ —Ç—Ä–∞—Ç—ã –≤ —Ä–µ—Å—Ç–æ—Ä–∞–Ω–∞—Ö. –ü—Ä–µ–º–∏–∞–ª—å–Ω–∞—è –∫–∞—Ä—Ç–∞ –¥–∞—Å—Ç –ø–æ–≤—ã—à–µ–Ω–Ω—ã–π –∫–µ—à–±—ç–∫ –∏ –±–µ—Å–ø–ª–∞—Ç–Ω—ã–µ —Å–Ω—è—Ç–∏—è. –û—Ñ–æ—Ä–º–∏—Ç—å —Å–µ–π—á–∞—Å."
60,–ö—Ä–µ–¥–∏—Ç–Ω–∞—è –∫–∞—Ä—Ç–∞,"–ï—Ä–º–µ–∫, –≤–∞—à–∏ —Ç–æ–ø-–∫–∞—Ç–µ–≥–æ—Ä–∏–∏ ‚Äî –ü—Ä–æ–¥—É–∫—Ç—ã –ø–∏—Ç–∞–Ω–∏—è, –ö–∞—Ñ–µ –∏ —Ä–µ—Å—Ç–æ—Ä–∞–Ω—ã, –¢–∞–∫—Å–∏. –ö—Ä–µ–¥–∏—Ç–Ω–∞—è –∫–∞—Ä—Ç–∞ –¥–∞—ë—Ç –¥–æ 10% –≤ –ª—é–±–∏–º—ã—Ö –∫–∞—Ç–µ–≥–æ—Ä–∏—è—Ö –∏ –Ω–∞ –æ–Ω–ª–∞–π–Ω-—Å–µ—Ä–≤–∏—Å—ã. –û—Ñ–æ—Ä–º–∏—Ç—å –∫–∞—Ä—Ç—É."
